date,problem,team1,score1,team2,score2,both_classified
2026-09-03,one team's score only,Notre Dame (St. Louis),3,Visitation Academy,,True
2026-09-08,one team's score only,Central (Kansas City),2,"F. L. Schlagle(Kansas City, KS)",,False
2026-09-12,one team's score only,Notre Dame (St. Louis),,Hazelwood East,0,True
2026-09-12,one team's score only,Webster Groves,,Pattonville,0,True
2026-09-15,one team's score only,Caruthersville,3,Southland,,True
2026-09-16,one team's score only,Columbia Independent,1,Chamois,,True
2026-09-17,one team's score only,Hayti,0,Campbell,,True
2026-09-17,one team's score only,Green Ridge,0,Smithton,,True
2026-09-17,one team's score only,Paseo Academy,0,"Turner(Kansas City, KS)",,False
2026-09-18,one team's score only,Normandy Collaborative,0,McCluer North,,False
2026-09-26,one team's score only,Skyline,,Central (Springfield),0,True
2026-09-28,one team's score only,Houston,1,Eminence,,True
2026-09-28,one team's score only,Koshkonong,0,Thayer,,True
2026-09-28,one team's score only,Miller Career Academy,,Vashon,1,True
2026-09-28,one team's score only,Bishop DuBourg,0,Windsor (Imperial),,True
2026-09-29,one team's score only,Potosi,,Farmington,1,True
2026-10-02,one team's score only,Hazelwood East,1,Lutheran North,,True
2026-10-07,one team's score only,Steelville,,Dixon,2,True
2026-10-08,one team's score only,Jennings,1,West Plains,,True
2026-08-20,no score,Grandview,,Raytown,,True
2026-08-21,no score,Lutheran St. Charles,,Holt,,True
2026-08-21,no score,Westminster Christian Academy,,Holt,,True
2026-08-21,no score,St. Charles West,,Holt,,True
2026-08-24,no score,St. Louis Christian Sr.,,Veritas Christian Academy,,False
2026-08-24,no score,St. Louis Ignite,,Veritas Christian Academy,,False
2026-08-25,no score,California,,Battle,,True
2026-08-25,no score,Fatima,,Battle,,True
2026-08-25,no score,Savannah,,Benton,,True
2026-08-25,no score,Bishop LeBlond,,Benton,,True
2026-08-25,no score,Central (St. Joseph),,Benton,,True
2026-08-25,no score,Bolivar,,Buffalo,,True
2026-08-25,no score,Osage,,Buffalo,,True
2026-08-25,no score,Hillcrest,,Buffalo,,True
2026-08-25,no score,Hayti,,Delta (Deering),,True
2026-08-25,no score,Cooter,,Delta (Deering),,True
2026-08-25,no score,Archie,,South Harrison,,True
2026-08-25,no score,Mid-Buchanan,,South Harrison,,True
2026-08-25,no score,Blue Springs South,,Staley,,True
2026-08-25,no score,Blue Springs,,Staley,,True
2026-08-25,no score,St. Teresa's Academy,,Staley,,True
2026-08-25,no score,Lexington,,Sweet Springs,,True
2026-08-25,no score,Wellington-Napoleon,,Sweet Springs,,True
2026-08-25,no score,Richmond,,Sweet Springs,,True
2026-08-27,no score,Everton,,Greenfield,,True
2026-08-27,no score,Golden City,,Greenfield,,True
2026-08-28,no score,Lutheran North,,"Centralia(Centralia, IL)",,False
2026-08-29,no score,Lutheran North,,Cardinal Ritter,,True
2026-08-29,no score,Lutheran North,,Ladue Horton Watkins,,True
2026-08-29,no score,Visitation Academy,,St. Vincent,,True
2026-08-29,no score,Visitation Academy,,Villa Duchesne,,True
2026-08-31,no score,Believe Acad Charter,,Maplewood-Richmond Hts.,,True
2026-09-02,no score,STEAM Academy,,Normandy Collaborative,,False
2026-09-03,no score,KIPP St. Louis Sr.,,Confluence Prep Academy Charter with Grand Center Arts Charter,,True
2026-09-04,no score,Vashon,,KIPP St. Louis Sr.,,True
2026-09-07,no score,Jennings,,Normandy Collaborative,,False
2026-09-08,no score,West Plains,,Lift for Life Academy Charter,,True
2026-09-08,no score,Grandview (Hillsboro),,Marquand-Zion,,False
2026-09-09,no score,Believe Acad Charter,,Lift for Life Academy Charter,,True
2026-09-10,no score,Marquand-Zion,,Zalma,,False
2026-09-11,no score,Visitation Academy,,"Effingham(Effingham , IL)",,False
2026-09-11,no score,Visitation Academy,,"Glenwood Chatham(Chatham, IL)",,False
2026-09-11,no score,Miller Career Academy,,KIPP St. Louis Sr.,,True
2026-09-11,no score,Richland (Essex),,Marquand-Zion,,False
2026-09-12,no score,Visitation Academy,,"Champaign Centennial(Champaign, IL)",,False
2026-09-12,no score,Visitation Academy,,"Fairfield Community(Fairfield , IL)",,False
2026-09-12,no score,Visitation Academy,,"Windsor/Stewardson-Strasburg( Strasburg, IL)",,False
2026-09-14,no score,Hazelwood East,,Normandy Collaborative,,False
2026-09-16,no score,McCluer,,Normandy Collaborative,,False
2026-09-17,no score,Chamois,,Lighthouse Sr.,,False
2026-09-17,no score,St. Louis Christian Sr.,,St. Francis Borgia,,False
2026-09-19,no score,Liberty (Wentzville),,Fox,,True
2026-09-19,no score,Visitation Academy,,Ft. Zumwalt South,,True
2026-09-22,no score,West Plains,,Normandy Collaborative,,False
2026-09-23,no score,Marquand-Zion,,Kelly,,False
2026-09-30,no score,Normandy Collaborative,,Jennings,,False
2026-09-30,no score,"Madison High (IL)(Madison, IL)",,Lift for Life Academy Charter,,False
2026-10-01,no score,Hermann,,Chamois,,True
2026-10-02,no score,Liberty (Wentzville),,"Belleville East(Belleville, IL)",,False
2026-10-02,no score,Vashon,,Lutheran North,,True
2026-10-03,no score,Marshall,,Carrollton,,True
2026-10-04,no score,Marshall,,Carrollton,,True
2026-10-05,no score,Miller Career Academy,,"Cahokia(Cahokia, IL)",,False
2026-10-05,no score,"KC Metro(Kansas City, KS)",,Ewing Marion Kauffman,,False
2026-10-05,no score,"Viola(Viola, AR)",,Koshkonong,,False
2026-10-05,no score,McCluer North,,Normandy Collaborative,,False
2026-10-05,no score,Veritas Christian Academy,,Visitation Academy,,True
2026-10-06,no score,Guadalupe Centers Charter,,"Bishop Ward(Kansas City, KS)",,False
2026-10-06,no score,East Prairie,,Charleston,,True
2026-10-06,no score,Frontier STEM,,"Daniel(Kansas City, MO)",,False
2026-10-06,no score,Calvary Lutheran,,Heritage Athletics,,False
2026-10-06,no score,Lutie,,Koshkonong,,True
2026-10-06,no score,Fox,,Northwest (Cedar Hill),,True
2026-10-06,no score,University Academy Charter,,Van Horn,,True
2026-10-07,no score,Fordland,,Greenwood,,True
2026-10-07,no score,Normandy Collaborative,,Hazelwood East,,False
2026-10-07,no score,"Cairo(Cairo, IL)",,Kelly,,False
2026-10-07,no score,"Granite City(Granite City, IL)",,Lutheran North,,False
2026-10-07,no score,Confluence Prep Academy Charter with Grand Center Arts Charter,,"Madison(Madison, IL)",,False
2026-10-07,no score,McCluer North,,Normandy Collaborative,,False
2026-10-07,no score,Perryville,,Northwest (Cedar Hill),,True
2026-10-07,no score,"Chester(Chester , IL)",,Perryville,,False
2026-10-08,no score,"Pleasanton(Pleasanton, KS)",,Bronaugh,,False
2026-10-08,no score,Maysville,,Brookfield,,True
2026-10-08,no score,Hurley,,Chadwick,,True
2026-10-08,no score,Bishop DuBourg,,Duchesne,,True
2026-10-08,no score,Versailles,,Eldon,,True
2026-10-08,no score,Tarkio with Fairfax,,"Essex Community School District(Essex, IA)",,False
2026-10-08,no score,Lindbergh,,Eureka,,True
2026-10-08,no score,Fredericktown,,Farmington,,True
2026-10-08,no score,Fair Grove,,Forsyth,,True
2026-10-08,no score,Notre Dame (St. Louis),,Fox,,True
2026-10-08,no score,Confluence Prep Academy Charter with Grand Center Arts Charter,,Gateway Legacy Sr. H.,,False
2026-10-08,no score,Ruskin,,Grandview,,True
2026-10-08,no score,Lakeland,,Jasper,,True
2026-10-08,no score,Raytown South,,Kearney,,True
2026-10-08,no score,Charleston,,Kelly,,True
2026-10-08,no score,Liberty North,,Lee's Summit,,True
2026-10-08,no score,Believe Acad Charter,,Lift for Life Academy Charter,,True
2026-10-08,no score,Miller Career Academy,,Lutheran North,,True
2026-10-08,no score,Gloria Deo Academy,,Lutie,,True
2026-10-08,no score,Cassville,,McDonald County,,True
2026-10-08,no score,Winona,,Mountain Grove,,True
2026-10-08,no score,Oak Park,,North Kansas City,,True
2026-10-08,no score,Lindbergh,,Northwest (Cedar Hill),,True
2026-10-08,no score,"Christ Preparatory(Lenexa, KS)",,Pleasant Hill,,False
2026-10-08,no score,North County,,Potosi,,True
2026-10-08,no score,Buffalo,,Reeds Spring,,True
2026-10-08,no score,Parkway South,,Ritenour,,True
2026-10-08,no score,Ladue Horton Watkins,,Seckman,,True
2026-10-08,no score,Capital City,,Smith-Cotton,,True
2026-10-08,no score,Clayton,,St. Charles,,True
2026-10-08,no score,Ursuline Academy,,St. Pius X (Festus),,True
2026-10-08,no score,Francis Howell Central,,Timberland,,True
2026-10-08,no score,Southland,,Twin Rivers,,True
2026-10-08,no score,West County,,Valley,,True
2026-10-08,no score,STEAM Academy,,Valley Park,,True
2026-10-08,no score,Pembroke Hill,,Van Horn,,True
2026-10-08,no score,Thomas Jefferson Independent Day,,Verona,,True
2026-10-08,no score,Whitfield,,Westminster Christian Academy,,True
2026-10-08,no score,Warrenton,,Wright City,,True
