School,OFF Rating,DEF Rating,OVR Rating,OFF Rank,DEF Rank,OVR Rank
Lafayette (Wildwood),3.41,3.58,6.99,1,1,1
Lee's Summit West,3.26,3.35,6.61,2,2,2
Jackson,2.96,3.34,6.3,4,3,3
Lee's Summit North,2.95,3.07,6.02,5,5,4
Eureka,2.88,3.07,5.94,6,4,5
Incarnate Word Academy,3.18,2.66,5.83,3,9,6
Ozark,2.73,3.03,5.76,9,6,7
Lee's Summit,2.85,2.35,5.2,7,12,8
Ft. Zumwalt West,2.23,2.77,5.0,17,7,9
St. Michael the Archangel,2.42,2.5,4.92,15,11,10
Nixa,2.36,2.55,4.91,16,10,11
Raymore-Peculiar,2.76,2.07,4.83,8,16,12
Kickapoo,2.15,2.67,4.81,18,8,13
Cor Jesu Academy,2.51,2.21,4.72,12,13,14
Park Hill,2.63,2.0,4.62,11,18,15
Blue Springs South,2.49,2.13,4.61,13,14,16
Liberty North,2.66,1.92,4.57,10,21,17
Blue Springs,1.98,2.12,4.1,21,15,18
Kirkwood,2.07,1.96,4.03,20,19,19
Lindbergh,2.47,1.53,4.0,14,30,20
Westminster Christian Academy,1.83,2.04,3.87,24,17,21
Staley,1.91,1.86,3.78,22,23,22
Platte County,1.77,1.94,3.71,25,20,23
Carthage,1.72,1.85,3.58,27,24,24
North Point,1.77,1.79,3.56,26,25,25
Rock Bridge,1.64,1.9,3.54,29,22,26
Oakville,1.56,1.78,3.35,34,26,27
Marquette,1.87,1.44,3.31,23,31,28
Seckman,1.7,1.56,3.26,28,29,29
North Kansas City,1.63,1.6,3.24,30,28,30
Liberty,2.14,1.07,3.21,19,42,31
Battle,1.62,1.4,3.01,31,32,32
Republic,1.38,1.64,3.01,39,27,33
Glendale,1.51,1.35,2.87,35,34,34
Ft. Zumwalt North,1.58,1.18,2.75,33,40,35
Park Hill South,1.33,1.37,2.7,40,33,36
Parkway West,1.58,1.08,2.66,32,41,37
Grain Valley,1.39,1.19,2.57,38,39,38
Branson,1.31,1.22,2.53,41,38,39
St. Pius X (Festus),1.17,1.3,2.47,43,35,40
Parkway South,1.21,1.23,2.44,42,37,41
Francis Howell Central,1.41,1.01,2.42,36,45,42
Hickman,1.08,1.28,2.36,46,36,43
Francis Howell,1.4,0.93,2.33,37,46,44
Webb City,1.09,1.02,2.11,45,43,45
Francis Howell North,1.15,0.74,1.89,44,49,46
Liberty (Wentzville),0.91,0.86,1.76,48,47,47
Fort Osage,0.95,0.81,1.76,47,48,48
Joplin,0.71,1.01,1.72,51,44,49
Oak Park,0.73,0.61,1.34,50,52,50
Timberland,0.87,0.46,1.33,49,55,51
Smith-Cotton,0.68,0.62,1.29,52,51,52
Troy Buchanan,0.6,0.54,1.14,54,54,53
Mehlville,0.66,0.28,0.94,53,56,54
Central (St. Joseph),0.33,0.59,0.92,56,53,55
William Chrisman,0.25,0.64,0.89,57,50,56
Ladue Horton Watkins,0.48,-0.01,0.47,55,60,57
Poplar Bluff,-0.0,0.18,0.17,61,57,58
Northwest (Cedar Hill),0.1,0.06,0.16,59,59,59
Pattonville,0.07,-0.12,-0.05,60,61,60
Truman,-0.28,0.11,-0.17,62,58,61
Fox,0.1,-0.33,-0.22,58,62,62
Waynesville,-0.78,-0.35,-1.12,63,63,63
Neosho,-0.82,-0.76,-1.58,64,64,64
Ritenour,-1.03,-1.13,-2.16,65,66,65
Hazelwood West,-1.18,-1.09,-2.28,66,65,66
Ruskin,-1.6,-1.44,-3.05,67,67,67
Hazelwood Central,-2.39,-2.28,-4.67,68,68,68
